station,n_events,n_samples,freq_min_mhz,freq_max_mhz,n_freq_channels,sample_interval_s,data_std,frac_saturated,frac_zero,horizontal_rfi_frac,vertical_rfi_frac
Australia-ASSA,154,3,15.0,86.93800354003906,200,0.25,16.262690495080847,0.00011666666666666667,0.000125,0.09000000000000001,0.0005555555555555556
ALASKA-COHOE,128,3,45.0,92.93800354003906,200,0.25,19.533494185717853,0.00011672075413382786,0.0001250579508576727,0.12166666666666666,0.0
INDIA-OOTY,125,3,45.0,442.125,200,0.25,8.612141904992425,0.0,0.0,0.08333333333333333,0.016296296296296295
SWISS-Landschlacht,118,3,15.0,86.625,200,0.25,29.509291279447122,0.00011666666666666667,0.000125,0.20333333333333334,0.006481481481481481
ALASKA-HAARP,113,3,10.0,81.93800354003906,200,0.25,14.695017953569371,0.00011666666666666667,0.000125,0.12166666666666666,0.024907407407407406
HUMAIN,111,3,45.0,437.0,200,0.25,19.702882737456076,0.00011666666666666667,0.000125,0.14,0.002407407407407407
GLASGOW,110,3,45.0,80.81300354003906,200,0.25,7.926479331725784,0.0,0.0,0.06833333333333334,0.034444444444444444
AUSTRIA-UNIGRAZ,110,3,45.0,80.875,200,0.25,19.429291017538347,0.00011666666666666667,0.000125,0.06833333333333333,0.010648148148148148
INDIA-UDAIPUR,100,3,45.0,247.0,200,0.25,16.799435456356225,0.00011666666666666667,0.000125,0.32666666666666666,0.0462037037037037
Arecibo-Observatory,91,3,15.0,86.625,200,0.25,26.104471739557415,0.0001533333333333333,0.00016333333333333334,0.005,0.02572222222222222
MEXICO-LANCE,88,3,45.0,104.875,200,0.25,26.61672646965508,0.00011666666666666667,0.000125,0.3033333333333333,0.0010185185185185186
INDIA-GAURI,81,3,45.0,410.5,200,0.25,17.152141890324824,0.00011666666666666667,0.000125,0.18166666666666664,0.0005555555555555556
BIR,80,3,10.0,105.5,200,0.25,17.46848332993075,0.0,0.0,0.3466666666666667,0.0
EGYPT-Alexandria,77,3,10.0,81.625,200,0.25,24.933936113572756,0.00011666666666666667,0.000125,0.12666666666666668,0.0
MRO,76,3,49.988,846.2379999999999,200,0.25,18.544961932115136,0.0,0.0,0.18166666666666667,0.044444444444444446
SWISS-MUHEN,74,3,15.0,86.93800354003906,200,0.25,18.62139550203566,0.00011666666666666667,0.000125,0.041666666666666664,0.0
SWISS-HEITERSWIL,72,3,45.0,80.81300354003906,200,0.25,16.36974785850008,0.00011695906432748539,0.00012531328320802005,0.085,0.000371298616912652
GERMANY-DLR,69,3,999.995,1602.683,200,0.5,3.5474523128803344,0.0,0.0,0.06333333333333334,0.0
SSRT,68,3,45.0629997253418,441.18798828125,200,0.25,14.52165651474377,0.0,0.0,0.17,0.020370370370370372
ROSWELL-NM,64,3,20.0,79.93800354003906,200,0.25,20.08093995013225,7.777777777777778e-05,8.333333333333333e-05,0.11499999999999999,0.035277777777777776
ALMATY,62,3,45.0,164.5,200,0.25,17.488650425344964,0.0,0.0,0.08833333333333333,0.04583333333333333
USA-ARIZONA-ERAU,60,3,45.0,69.43800354003906,400,0.5,12.974813031175563,7.777777777777778e-05,8.611111111111112e-05,0.09166666666666666,0.0
TRIEST,58,3,220.0,423.93798828125,200,0.25,12.94366399355185,0.0,0.0,0.041666666666666664,0.0
MONGOLIA-UB,57,3,45.0,200.02099609375,200,0.5,23.875723980482135,0.00011666666666666667,0.00013333333333333334,0.07833333333333332,0.00037037037037037035
SPAIN-PERALEJOS,51,3,17.0,88.68800354003906,200,0.25,13.000552119041762,0.0,0.0,0.043333333333333335,0.013888888888888888
NORWAY-EGERSUND,51,3,16.0,87.93800354003906,200,0.25,24.784307926895906,0.00011666666666666667,0.000125,0.25,0.0
SWISS-IRSOL,47,3,45.0,80.81300354003906,200,0.25,13.398376912226444,0.00011666666666666667,0.000125,0.08833333333333333,0.011296296296296297
MEXART,46,3,46.0,225.25,200,0.25,16.783864344206563,0.00011666666666666667,0.000125,0.26833333333333337,0.0
AUSTRIA-OE3FLB,38,3,510.0,784.625,200,0.25,19.035087525873486,0.00011678585802297143,0.00012512770502461223,0.27,0.0
HURBANOVO,36,3,45.0,199.875,200,0.25,23.632701486101453,0.00011677499226245745,0.00012511606313834727,0.18833333333333332,0.0010185185185185186
MRT1,34,3,45.0,164.375,200,0.25,12.174755435919659,0.0,0.0,0.041666666666666664,0.0
ALGERIA-CRAAG,30,3,45.0,164.93800354003906,200,0.25,23.423528556167465,0.00011684027777777778,0.0001259469696969697,0.11,0.001388888888888889
SOUTHAFRICA-SANSA,30,3,45.0,869.18798828125,200,0.25,14.09505891234044,0.00011666666666666667,0.000125,0.2766666666666666,0.0037962962962962963
DENMARK,30,3,45.0,99.56300354003906,300,0.5,24.02966973050485,0.0,0.0,0.015555555555555557,0.0
INDONESIA,29,3,45.0,80.93800354003906,200,0.25,14.486722843431577,0.0,0.0,0.04,0.0012962962962962963
KASI,29,3,45.0,448.31298828125,200,0.25,31.676750943495417,0.00011666666666666667,0.000125,0.3483333333333334,9.259259259259259e-05
ALASKA-ANCHORAGE,24,3,250.0,453.81298828125,200,0.25,16.46014729122132,0.00011666666666666667,0.000125,0.08833333333333333,0.0012037037037037036
AUSTRIA-MICHELBACH,23,3,180.0,383.5,200,0.25,16.67832938696126,0.00011666666666666667,0.000125,0.20666666666666667,9.259259259259259e-05
Malaysia-Banting,23,3,45.0,869.93798828125,200,0.25,23.551352628735888,0.00011666666666666667,0.000125,0.34833333333333333,0.000925925925925926
GREENLAND,23,3,10.0,105.81300354003906,200,0.25,18.236269519394984,0.0,0.0,0.03833333333333334,0.0
SPAIN-SIGUENZA,20,3,45.0,80.81300354003906,200,0.25,23.97118699719607,0.00011666666666666667,0.000125,0.245,9.259259259259259e-05
ROMANIA,16,3,52.0,158.0,200,0.25,22.61965613225055,0.00011666666666666667,0.000125,0.17500000000000002,0.0
SRI-Lanka,16,3,45.0,84.5,200,0.25,13.297032428847503,0.0,0.0,0.105,0.0
AUSTRIA-Krumbach,14,3,45.0,463.75,200,0.25,19.094938074734667,0.00011666666666666667,0.000125,0.16,0.0
MRT3,14,3,45.0,870.0,200,0.25,26.375688316986757,0.00011666666666666667,0.000125,0.06666666666666667,0.0
Malaysia_Banting,13,3,45.0,164.93800354003906,200,0.25,28.221165540002193,0.00011666666666666667,0.000125,0.17500000000000002,0.0012962962962962963
POLAND-Grotniki,10,3,4.9950000000000045,52.93299999999999,200,0.25,20.069739976220347,0.0,0.0,0.03833333333333334,0.0
SWISS-HB9SCT,9,3,1150.0,1746.875,200,0.25,16.464152319339338,0.00011666666666666667,0.000125,0.125,0.017592592592592594
MRT2,8,3,45.0,456.8800048828125,200,0.25,18.2981694578991,0.00011666666666666667,0.000125,0.12666666666666668,0.008240740740740741
PARAGUAY,8,3,45.0,164.93800354003906,200,0.25,25.31594267549978,0.00011666666666666667,0.000125,0.028333333333333335,0.007037037037037037
MEXICO-LANCE-A,8,3,45.0,104.875,200,0.25,29.405648340775485,0.00011670992460758868,0.00012504634779384502,0.20166666666666666,0.0
MEXICO-LANCE-B,8,3,45.0,104.875,200,0.25,27.941559580740506,0.00011668828361435366,0.0001250231610153789,0.2916666666666667,0.0
FINLAND-Siuntio,7,3,99.995,298.995,200,0.25,15.84355004005221,0.0,0.0,0.16833333333333333,0.0
INPE,7,3,45.125,868.375,200,0.25,20.402100523481533,0.0,0.0,0.08833333333333333,0.0016666666666666668
MEXICO-FCFM-UANL,7,3,45.0,248.625,200,0.25,23.181893802769917,0.00011683989111606039,0.00012518559762435039,0.07666666666666666,0.0
UNAM,7,3,44.988,755.488,200,0.25,31.32778287888183,0.0,0.00034259259259259263,0.08,0.0
KRIM,6,3,250.0,349.0,100,0.25,10.208308000591606,0.0,0.0,0.07333333333333335,0.008703703703703703
URUGUAY,5,3,45.0,868.68798828125,200,0.25,25.65151548702092,0.00011666666666666667,0.000125,0.2316666666666667,0.0
Australia-LMRO,4,3,45.0,869.93798828125,200,0.25,4.732483410255533,0.0,0.0,0.17333333333333334,0.0
SPAIN-ALCALA,4,3,45.0,176.31300354003906,200,0.25,23.721875746232083,0.00011666666666666667,0.000125,0.32,0.0
EGYPT-SpaceAgency,4,3,115.0,402.93798828125,200,0.25,19.71905334794204,0.00011666666666666667,0.000125,0.31,9.259259259259259e-05
NORWAY-RANDABERG,4,3,1000.0,1599.8499755859375,200,0.5,16.93473873258328,0.00011666666666666667,0.00013333333333333334,0.15,0.00037037037037037035
Finland-Kempele,2,2,45.0,869.93798828125,200,0.25,25.1321031219532,0.00011666666666666667,0.000125,0.3,0.0
RWANDA,2,2,45.0,869.93798828125,200,0.25,28.600580920333897,0.00011666666666666667,0.000125,0.2175,0.0
SWISS-SCAN,2,1,10610.0,11245.9384765625,200,0.25,16.210655247243782,0.00011666666666666667,0.000125,0.03,0.0
THAILAND-BKK,2,2,10.0,81.875,200,0.25,23.879725350826106,0.00011666666666666667,0.000125,0.275,0.0
NORWAY-NY-AALESUND,2,2,1000.0,1599.8499755859375,200,0.5,14.831644464937803,0.00011666666666666667,0.00013333333333333334,0.11,0.0
Finland-Kempel,1,1,45.0,869.93798828125,200,0.25,23.94284808535516,0.00011666666666666667,0.000125,0.28,0.005833333333333334
FINLAND-Siunti,1,1,99.995,298.995,200,0.25,17.277327258359993,0.0,0.0,0.17,0.0
MRT,1,1,45.0,456.8800048828125,200,0.25,18.20310837809759,0.00011666666666666667,0.000125,0.145,0.008611111111111111
SSR,1,1,45.0629997253418,441.18798828125,200,0.25,12.442730697545434,0.0,0.0,0.17,0.0
USA-ARIZONA-ERA,1,1,10.0,69.93800354003906,200,0.25,14.735822563432633,0.00011666666666666667,0.000125,0.15,0.0
USA-BOSTON,1,1,999.995,1602.683,200,0.5,11.955966696389389,0.0,0.0,0.0,0.0011117287381878821
