file_name,source_event,type,box_start_col,box_end_col,clipped
own-PeachMountian-240330-74.npy,burst-PeachMountian-240330-183117031-type3.npy,III,227,473,False
own-SkylineHighSchool-240417-80.npy,burst-SkylineHighSchool-240417-200328050-type5.npy,V,2076,3004,False
own-MarquetteSeniorHig-240419-64.npy,burst-MarquetteSeniorHig-240419-160543005-type3.npy,III,3430,3700,False
own-MarquetteSeniorHig-240419-64.npy,burst-MarquetteSeniorHig-240419-161353088-type3.npy,III,8331,9001,True
own-MarquetteSeniorHig-240419-65.npy,burst-MarquetteSeniorHig-240419-162703061-type3.npy,III,7230,8690,False
own-MarquetteSeniorHig-240419-66.npy,burst-MarquetteSeniorHig-240419-163215050-type3.npy,III,1350,6470,False
own-MarquetteSeniorHig-240419-67.npy,burst-MarquetteSeniorHig-240419-164832017-type3.npy,III,2120,5120,False
own-MarquetteSeniorHig-240419-67.npy,burst-MarquetteSeniorHig-240419-165928094-type3.npy,III,8681,8991,False
own-MarquetteSeniorHig-240419-68.npy,burst-MarquetteSeniorHig-240419-171022072-type3.npy,III,6220,9000,True
own-MarquetteSeniorHig-240419-69.npy,burst-MarquetteSeniorHig-240419-172728036-type3.npy,III,7480,9000,True
own-MarquetteSeniorHig-240419-72.npy,burst-MarquetteSeniorHig-240419-180157065-type3.npy,III,1170,4380,False
own-MarquetteSeniorHig-240419-75.npy,burst-MarquetteSeniorHig-240419-184647073-type3.npy,III,1070,3790,False
own-MarquetteSeniorHig-240419-76.npy,burst-MarquetteSeniorHig-240419-190930026-type3.npy,III,5700,5960,False
own-MarquetteSeniorHig-240419-77.npy,burst-MarquetteSeniorHig-240419-192208000-type3.npy,III,3800,5754,False
own-SkylineHighSchool-240420-62.npy,burst-SkylineHighSchool-240420-154415092-type3.npy,III,8530,8979,True
own-SkylineHighSchool-240420-65.npy,burst-SkylineHighSchool-240420-162057033-type3.npy,III,3561,3711,False
own-PeachMountian-240420-65.npy,burst-PeachMountian-240420-161514014-type3.npy,III,45,730,False
own-PeachMountian-240420-66.npy,burst-PeachMountian-240420-163623002-type5.npy,V,2519,3631,False
own-PeachMountian-240420-70.npy,burst-PeachMountian-240420-173737049-type3.npy,III,3000,3393,False
own-PeachMountian-240420-71.npy,burst-PeachMountian-240420-175321003-type3.npy,III,4966,5015,False
own-SkylineHighSchool-240422-65.npy,burst-SkylineHighSchool-240422-162440058-type3.npy,III,5720,6627,False
own-SkylineHighSchool-240422-69.npy,burst-SkylineHighSchool-240422-172820083-type3.npy,III,7890,8619,False
own-MarquetteSeniorHig-240422-63.npy,burst-MarquetteSeniorHig-240422-154510082-type3.npy,III,100,1247,False
own-MarquetteSeniorHig-240422-65.npy,burst-MarquetteSeniorHig-240422-162712033-type3.npy,III,7305,8153,False
own-MarquetteSeniorHig-240422-70.npy,burst-MarquetteSeniorHig-240422-173243063-type3.npy,III,1627,2395,False
own-SkylineHighSchool-240423-71.npy,burst-SkylineHighSchool-240423-175209085-type2.npy,II,4288,7486,False
own-SkylineHighSchool-240425-68.npy,burst-SkylineHighSchool-240425-171133005-type2.npy,II,6914,8242,False
own-SkylineHighSchool-240501-67.npy,burst-SkylineHighSchool-240501-165815000-type3.npy,III,7927,8974,True
own-SkylineHighSchool-240501-72.npy,burst-SkylineHighSchool-240501-181310067-type3.npy,III,7877,8974,True
own-SkylineHighSchool-240503-75.npy,burst-SkylineHighSchool-240503-185310068-type2.npy,II,4893,5372,False
own-SkylineHighSchool-240503-82.npy,burst-SkylineHighSchool-240503-203945005-type2.npy,II,5841,7000,False
own-SkylineHighSchool-240504-64.npy,burst-SkylineHighSchool-240504-160224025-type3.npy,III,1439,1539,False
own-SkylineHighSchool-240508-67.npy,burst-SkylineHighSchool-240508-165523022-type3.npy,III,6204,6394,False
own-SkylineHighSchool-240508-72.npy,burst-SkylineHighSchool-240508-181014037-type3.npy,III,6115,6185,False
own-SkylineHighSchool-240508-74.npy,burst-SkylineHighSchool-240508-183324006-type3.npy,III,2031,2300,False
own-SkylineHighSchool-240509-70.npy,burst-SkylineHighSchool-240509-173328071-type3.npy,III,2069,2725,False
own-Huron-240514-51.npy,burst-Huron-240514-124652093-type3.npy,III,1121,1701,False
own-SkylineHighSchool-240514-51.npy,burst-SkylineHighSchool-240514-124539093-type3.npy,III,390,1020,False
own-SkylineHighSchool-240514-67.npy,burst-SkylineHighSchool-240514-164650083-type3.npy,III,1100,1820,False
own-SkylineHighSchool-240514-67.npy,burst-SkylineHighSchool-240514-164953099-type2.npy,II,2930,4799,False
own-SkylineHighSchool-240514-68.npy,burst-SkylineHighSchool-240514-170701091-type2.npy,II,4210,5199,False
own-SkylineHighSchool-240519-69.npy,burst-SkylineHighSchool-240519-171835024-type3.npy,III,2137,2803,False
own-SkylineHighSchool-240519-71.npy,burst-SkylineHighSchool-240519-175505010-type3.npy,III,6013,7057,False
own-SkylineHighSchool-240607-65.npy,burst-SkylineHighSchool-240607-162335031-type3.npy,III,5113,5222,False
own-SkylineHighSchool-240607-75.npy,burst-SkylineHighSchool-240607-185503008-type3.npy,III,5986,6284,False
own-SkylineHighSchool-240608-84.npy,burst-SkylineHighSchool-240608-210024066-type3.npy,III,240,1358,False
own-SkylineHighSchool-240611-66.npy,burst-SkylineHighSchool-240611-163959042-type3.npy,III,5945,6104,False
own-SkylineHighSchool-240619-62.npy,burst-SkylineHighSchool-240619-153826016-type3.npy,III,5034,5283,False
own-SkylineHighSchool-240619-65.npy,burst-SkylineHighSchool-240619-161938018-type3.npy,III,2766,2945,False
own-SkylineHighSchool-240620-70.npy,burst-SkylineHighSchool-240620-173009031-type3.npy,III,90,250,False
own-SkylineHighSchool-240621-95.npy,burst-SkylineHighSchool-240621-235450095-type2.npy,II,5863,6757,False
own-SkylineHighSchool-240623-85.npy,burst-SkylineHighSchool-240623-212517044-type3.npy,III,6157,6277,False
own-SkylineHighSchool-240624-66.npy,burst-SkylineHighSchool-240624-163326000-type3.npy,III,2049,2199,False
own-SkylineHighSchool-240627-61.npy,burst-SkylineHighSchool-240627-151751075-type3.npy,III,1710,1870,False
own-SkylineHighSchool-240627-84.npy,burst-SkylineHighSchool-240627-210327006-type3.npy,III,2069,2199,False
own-SkylineHighSchool-240629-65.npy,burst-SkylineHighSchool-240629-162924058-type3.npy,III,8623,8763,False
own-SkylineHighSchool-240701-68.npy,burst-SkylineHighSchool-240701-171240063-type3.npy,III,7568,8096,False
own-SkylineHighSchool-240704-58.npy,burst-SkylineHighSchool-240704-143621040-type2.npy,II,3784,8939,True
own-SkylineHighSchool-240724-69.npy,burst-SkylineHighSchool-240724-171525028-type3.npy,III,249,2955,False
own-SkylineHighSchool-240725-62.npy,burst-SkylineHighSchool-240725-153352051-type2.npy,II,2316,3464,False
own-SkylineHighSchool-240725-67.npy,burst-SkylineHighSchool-240725-164516036-type3.npy,III,160,350,False
own-SkylineHighSchool-240726-69.npy,burst-SkylineHighSchool-240726-172250082-type3.npy,III,4681,4989,False
own-SkylineHighSchool-240726-86.npy,burst-SkylineHighSchool-240726-213033011-type3.npy,III,328,577,False
own-SkylineHighSchool-240728-72.npy,burst-SkylineHighSchool-240728-181236096-type3.npy,III,7508,7835,False
own-SkylineHighSchool-240729-69.npy,burst-SkylineHighSchool-240729-172315042-type3.npy,III,4929,5895,False
